[
    {
        "id": 1,
        "question": "#1 Какво представлява митническото представителство?",
        "answers": [
            "Митническото представителство е комплексна услуга, при която лицензиран агент извършва всички необходими действия пред митническите органи от името на вносителя или износителя.",
            "Представителят се занимава с подготовката на документи, деклариране на стоките, обмитяване, комуникация с митниците и освобождаване на пратките.",
            "Крайната цел е улесняване на митническите формалности и спазване на законовите разпоредби."
        ]
    },
    {
        "id": 2,
        "question": "#2 Каква е разликата между пряко и косвено митническо представителство?",
        "answers": [
            "Прякото митническо представителство се използва, когато митническият агент изцяло представя стоките в полза на друго лице и в негово име.",
            "В случай на косвено представителство, агентът представя стоките от свое име, но не в своя, а в чужда полза.",
            "МН Лоджистик предлага както пряко представителство (изцяло от името и за сметка на клиента), така и косвено представителство (от името на агента, но за сметка на клиента).",
            "Изборът зависи от конкретните нужди и предпочитания на бизнеса."
        ]
    },
    {
        "id": 3,
        "question": "#3 Защо да изберете МН ЛОДЖИСТИК за свой митнически агент?",
        "answers": [
            "Изборът на митнически агент в България носи множество предимства, сред които:",
            "1. Дълбочинно познаване на законодателството:",
            "Екипът на МН ЛОДЖИСТИК е добре запознат с актуалните български и европейски митнически закони. Ние следим промените, което ни позволява да Ви предпазим от нарушения и свързаните с тях санкции.",
            "2. Спестяване на време:",
            "Нашите експерти са опитни в подготовката и подаването на необходимите документи, което ускорява процеса и минимизира рисковете от забавяния при митническото оформяне.",
            "3. Оптимизация на разходите:",
            "Можем да Ви предоставим съвети относно най-изгодната тарифна класификация на стоките, както и възможностите за освобождаване от мита или намаляване на митническите задължения.",
            "4. Управление на сложни процедури:",
            "За специфични стоки или режими (например временен внос), нашите митнически агенти познават точното изпълнение на процедурите.",
            "5. Актуална информация:",
            "Ние постоянно следим промените в регулациите и сме в състояние да Ви информираме навреме за всякакви новини, които могат да повлияят на Вашия бизнес.",
            "6. Намаляване на риска:",
            "Нашите професионални агенти разполагат със застраховка, която покрива потенциални грешки в процеса на работа.",
            "7. Достъп до специализиран софтуер:",
            "Като специалисти в митническото представителство, ние използваме иновативни програми за митническо деклариране, което намалява вероятността за грешки.",
            "8. Разширена мрежа от контакти:",
            "Имаме установени отношения с митническите служители, което улеснява комуникацията и ускорява процесите.",
            "9. Спестяване на ресурси:",
            "Вместо да създавате собствен отдел за митническо оформяне, можете да се възползвате от услугите на МН ЛОДЖИСТИК при нужда, което ще доведе до значителни спестявания на ресурси и време."
        ]
    },
    {
        "id": 4,
        "question": "#4 Митнически процедури при внос на стоки?",
        "answers": [
            "Процедурите за внос на стоки включват серия от стъпки и задължителни документи. На първо място, необходимо е да подадете декларация за внос, да организирате транспорт на стоките и да представите самите стоки пред митническите органи. При този процес трябва да изберете и подходящия митнически режим.",
            "Всички стоки преминават проверки за установяване на митническата им стойност, тарифна категория и произход. Освен това, е важно да се изплатят всички митнически задължения, включително мита, такси, ДДС и акцизи. Ако стоките не успеят да преминат митническите проверки или митническите задължения не са изплатени, те могат да бъдат конфискувани, унищожени или оставени на държавата."
        ]
    },
    {
        "id": 5,
        "question": "#5 Как се декларират пратки с мито?",
        "answers": [
            "Как да декларирате пратки, които подлежат на мито?\nПратките, чиято стойност надвишава 150 евро, са задължени да платят ДДС и мито. Те могат да бъдат декларирани лично от вносителя или чрез митнически представител. При пряка декларация е необходимо да разполагате с електронно пълномощно и EORI номер. В случай, че митническият представител действа от свое име, не е необходимо да предоставяте EORI номер и електронно пълномощно."
        ]
    },
    {
        "id": 6,
        "question": "#6 Освобождаване на пратка чрез митнически представител?",
        "answers": [
            "За да се освободи пратка чрез митнически представител, е необходимо агентът да подготви специфичен документ, който да позволи стоките да преминат в свободен оборот и да бъдат освободени от митническия контрол."
        ]
    },
    {
        "id": 7,
        "question": "#7 Как протича митническото представителство с МН Лоджистик?",
        "answers": [
            "1. След като се свържете с нас, вие упълномощавате МН ЛОДЖИСТИК като ваш митнически представител чрез пълномощно и електронна заявка.",
            "2. За всяка пратка е необходимо да ни предоставите съответните документи – фактури, товарителници, сертификати и други свързани документи.",
            "3. Нашият екип от специалисти поема изцяло процеса на деклариране на стоките за внос и износ, комуникацията с митническите органи и проследяването на пратките.",
            "4. Изготвяме всички необходими митнически документи, включително Единен административен документ, и осигуряваме покритие на дължимите мита, данъци и такси.",
            "5. След успешно завършване на митническите формалности, ние ви уведомяваме за освобождаването на стоките и ги предаваме на вас."
        ]
    },
    {
        "id": 8,
        "question": "#8 Как се определят цените за митническо представителство?",
        "answers": [
            "Ценовата политика за нашите услуги е индивидуално адаптирана според спецификата и обема на работа за всеки клиент. Нашите цени отразяват професионализма, опита и ангажимента ни към защитата на интересите на вашия бизнес. Инвестицията в митническо представителство с нас ви осигурява спокойствие, надеждност и ефективност – ценни предимства в съвременната динамична икономическа среда."
        ]
    }
]